CPF,FirstName LastName,Age,Doses
1,Emerald Edwards,98,0
2,Leroy Walker,104,0
3,Matthew Archer,97,2
4,Noah Underhill,41,0
5,Sofia Richardson,49,2
6,Sloane Wren,69,1
7,Mackenzie Thomson,77,3
8,Cassidy Coates,50,2
9,George Summers,89,1
10,Angelica Porter,90,3
11,Mya Archer,88,3
12,Russel Brooks,32,0
13,Maxwell Exton,75,2
14,Piper Snow,20,3
15,Chloe Emerson,68,3
16,Maxwell John,97,3
17,William Jenkins,75,1
18,Nicholas Baker,81,1
19,Logan Mcguire,35,1
20,Logan Egerton,39,3
21,Nicholas Varndell,101,2
22,Elisabeth Turner,91,3
23,Chuck Dann,35,2
24,Ramon Squire,33,2
25,Vicky Emerson,87,2
26,George Kelly,29,0
27,Callie Dickson,101,0
28,Hayden Reynolds,25,0
29,Ramon Lynch,95,3
30,Logan Samuel,63,0
31,Mark Gosling,68,3
32,Melanie Jones,41,2
33,Kate Tailor,83,1
34,Erick Vaughn,24,2
35,Boris Fall,15,0
36,Jules Walker,93,1
37,Matthew Groves,16,0
38,Mya Rosenbloom,30,0
39,Emely Brooks,53,1
40,Denis Chappell,63,3
41,Kaylee Cork,12,2
42,Chester Saunders,60,2
43,Leroy Edwards,99,1
44,Noemi Flack,66,0
45,Lexi Lambert,101,0
46,Harriet Bayliss,62,2
47,Nate Upton,99,3
48,Tyler Barclay,40,0
49,Cherish Vaughn,72,3
50,Payton Saunders,103,2
51,Raquel Salt,52,2
52,Adelaide Harris,82,3
53,Nick Pickard,13,0
54,Analise Simpson,14,3
55,Phillip Ellis,64,0
56,Maxwell Gilbert,13,0
57,Elly Oliver,12,1
58,Meredith Higgs,38,2
59,Bryon Daniells,54,2
60,Livia Chadwick,55,0
61,Allison Ward,32,2
62,Davina Rees,46,2
63,Rufus Weldon,66,3
64,Matthew Pickard,83,2
65,Mary Pope,42,3
66,Dakota Morley,96,1
67,Shay Heaton,100,1
68,Hayden Ingham,45,2
69,Mark Brooks,81,2
70,Martin Pratt,57,0
71,Aurelia Edler,96,2
72,Elijah Jeffery,55,0
73,Benjamin Russel,95,2
74,Mike Alexander,33,2
75,Elisabeth Burnley,22,3
76,Lucas Freeburn,72,0
77,Francesca Tanner,85,2
78,Carter Clarke,33,0
79,Alan Yarlett,38,3
80,Davina Edwards,33,3
81,Josh Uttley,98,1
82,Lucas Fall,13,2
83,Julius Cassidy,32,0
84,Shelby Amstead,38,2
85,Chuck Addison,20,1
86,Barry Brown,40,3
87,Henry Whittle,88,2
88,Dani Callan,44,0
89,Samara Ellis,62,1
90,Harmony Mitchell,26,1
91,Lillian Farmer,71,3
92,Sabina Bennett,64,3
93,Agnes Walton,26,2
94,Lucas Bryson,76,0
95,Felicity Gilbert,37,0
96,Macy Cobb,80,3
97,Domenic Tennant,98,2
98,Estrella Snell,97,3
99,Mark Thornton,45,2
100,Melania Collins,100,2
101,Penelope Campbell,19,0
102,Wade Moran,64,3
103,Christine Wright,79,3
104,Mike Cartwright,64,3
105,Sydney Farrant,97,1
106,Claire Coll,74,2
107,Adeline Utterson,23,2
108,Brad Reynolds,76,0
109,Quinn Gregory,26,0
110,Payton Jeffery,63,2
111,William Latham,14,3
112,Maria Watson,76,1
113,Nathan Drake,103,2
114,Jacob Murphy,12,2
115,Martin Jenkins,49,1
116,Ron Price,79,0
117,Juliet Stevenson,18,3
118,Audrey Roberts,30,1
119,Gil Edmonds,39,0
120,Ethan Forth,66,0
121,Candace Jeffery,88,3
122,Belinda Adler,63,2
123,Kurt Connell,66,2
124,Charlotte Upton,22,1
125,Nina Brock,70,2
126,Ethan Daniells,30,1
127,Ryan Ingham,63,0
128,Alexa Edmonds,31,3
129,Logan Long,76,2
130,Christy Boyle,78,0
131,Kenzie Jobson,27,2
132,Celia Noach,40,0
133,Daniel Edmonds,25,1
134,Darlene Santos,50,2
135,Mary Harper,41,0
136,Nicole Newton,100,0
137,Sloane Martin,18,1
138,Willow Hill,99,2
139,Analise Redwood,14,3
140,Nate Smith,52,2
141,Mason Edmonds,20,0
142,Johnny Atkinson,20,3
143,Caitlyn Brett,31,0
144,Fred Chappell,78,0
145,Stella Saunders,82,2
146,Nick Clark,51,2
147,Owen Abbot,47,3
148,Rosa Terry,88,0
149,Eduardo Nayler,16,0
150,Ethan Lunt,99,1
151,Anthony Cooper,36,0
152,Angel Vallory,58,2
153,Maya Taylor,52,1
154,Rocco Adler,33,2
155,Cameron Rosenbloom,70,1
156,Julian Morris,77,0
157,Clint Cavanagh,24,3
158,Gil Stark,43,3
159,Sage Irving,32,0
160,Chanelle Clarke,63,0
161,Cassidy Bailey,39,2
162,Domenic Wilkinson,91,1
163,Madison Noach,38,0
164,Carol Wright,57,0
165,Leroy Talbot,50,3
166,Kieth White,50,0
167,Daniel Gray,67,2
168,Morgan Mcneill,68,3
169,Aeris Sherwood,93,1
170,Sage Middleton,20,3
171,Naomi Jackson,57,0
172,Maxwell Rothwell,49,3
173,Makenzie West,75,2
174,Melody Addley,70,0
175,Cecilia Gordon,71,0
176,Kaylee Long,15,3
177,Carla Vangness,63,2
178,Willow Hood,46,1
179,Martha Redwood,80,2
180,Gemma Rust,40,3
181,Julian Harrison,96,1
182,Barney Groves,53,1
183,Joseph Dunbar,60,1
184,Sienna Noach,19,1
185,Peter Hastings,38,1
186,Carolyn Stone,97,0
187,Vera Vass,28,0
188,Maggie Denton,35,0
189,Daniel Bradshaw,97,2
190,Alan Lakey,48,1
191,Benny Brock,14,3
192,Danny Goodman,57,0
193,Jennifer Moran,47,0
194,Chloe Kirby,37,2
195,Peter Osman,96,0
196,Gabriel Barrett,77,1
197,Nicholas Rycroft,71,3
198,Diane Huggins,33,0
199,Diane Lambert,12,2
200,Chester Nicolas,75,1
201,Leah Jones,89,3
202,Sienna Vaughn,100,3
203,Harry Vallory,18,1
204,Grace Carter,56,2
205,Clint Cavanagh,31,1
206,Adina Bowen,34,0
207,Louise Lynn,47,0
208,Carolyn Andersson,91,0
209,Clint Ralph,40,3
210,Holly Gonzales,65,1
211,William Evans,21,2
212,Mark Reynolds,45,3
213,Gina Graham,79,0
214,Ethan Anderson,14,3
215,Jack Porter,36,2
216,Erin Cameron,37,3
217,Juliet Varndell,81,1
218,Denny Talbot,83,0
219,Kurt Swift,12,0
220,Fred Poole,33,2
221,Bob Yates,89,1
222,Mavis Henderson,45,1
223,Matthew Faulkner,48,3
224,Cedrick Mccall,49,0
225,Juliet Simpson,90,1
226,Leroy Newton,22,3
227,Daniel Jackson,61,2
228,David Vince,56,3
229,Lynn Bishop,44,2
230,Candice Irwin,32,3
231,Phillip Murray,103,3
232,Ramon Umney,54,3
233,Vera Ianson,49,3
234,Luke Isaac,80,0
235,George Robinson,60,0
236,Cedrick Martin,30,2
237,Nick Quinnell,27,0
238,Liam Tobin,70,0
239,Maxwell Doherty,71,2
240,Erick Robinson,49,0
241,Ruth Richardson,104,3
242,Aurelia Nelson,85,0
243,Bryce Haines,79,1
244,Peter Mccall,42,0
245,Rhea Bailey,63,2
246,Mason Walker,90,2
247,Bryon Neville,26,2
248,Lillian Vaughn,41,2
249,Chadwick Hopkins,61,2
250,Shannon Truscott,40,3
251,Raquel Willson,39,1
252,Manuel Robertson,42,3
253,Leah Jackson,24,0
254,Kieth James,32,1
255,Hazel Selby,67,1
256,Caleb Hall,99,3
257,Rufus Townend,94,2
258,Margot Ingham,90,1
259,Bethany Vane,46,0
260,Adelaide Redden,52,1
261,Nicole Dobson,96,2
262,Matt Matthews,97,3
263,Carmella Mcneill,52,2
264,Clint Evans,64,3
265,Aiden Knight,90,1
266,Fred Becker,61,3
267,Rita Oakley,65,0
268,Benny Eddison,35,3
269,Russel Norton,96,3
270,Denny Coates,89,3
271,Daniel Hunt,67,0
272,Sonya Flack,65,0
273,Selena Farrow,25,1
274,Noah Grady,41,0
275,Hailey Thomson,71,2
276,Carter Graham,20,3
277,Jack Eaton,70,2
278,Jessica Yard,44,3
279,Audrey Burge,13,3
280,Callie Mcleod,71,0
281,Summer Adams,83,1
282,Domenic Jenkins,104,2
283,Mona Robe,72,0
284,Percy Patel,54,2
285,Matthew Griffiths,56,3
286,Anabelle Nelson,71,0
287,Aiden Ralph,91,1
288,Nick Riley,41,1
289,Bart Eastwood,87,1
290,Peter Giles,88,1
291,Jane Cobb,24,3
292,Anne Osmond,98,0
293,Josh Stark,104,0
294,Brad Nobbs,33,2
295,Freya Mcnally,17,0
296,Ryan Booth,12,0
297,Marvin Stevens,25,2
298,Caleb Pickard,91,2
299,Kieth Savage,23,3
300,Peter Lowe,68,2
301,Aisha Newton,42,1
302,Kamila Tutton,103,3
303,Josh Connell,96,2
304,Camden Woods,55,2
305,Alan Stevenson,64,2
306,Bob Quinnell,40,2
307,Domenic Bullock,48,1
308,Leslie Avery,75,1
309,Blake Hamilton,18,1
310,Clint Dallas,66,1
311,Tyler Vane,95,1
312,William Rixon,85,1
313,Phillip Hunter,41,0
314,Phillip Anderson,50,0
315,Rocco Thorne,16,3
316,Hank Booth,20,1
317,Rick Thomas,16,1
318,Cynthia Middleton,23,0
319,Hadley Purvis,36,3
320,Rosalee Reese,12,2
321,Jack Flanders,44,2
322,Nicholas Aldridge,102,2
323,Harvey Hancock,44,3
324,Maxwell Andrews,100,1
325,Johnny Ward,33,3
326,Jessica Ebbs,32,3
327,Russel Ianson,48,0
328,Cecilia Gilmour,48,3
329,Kate Gilmore,67,0
330,Willow Booth,46,3
331,Havana Dubois,68,2
332,Peter Walsh,48,0
333,Denis Brown,29,3
334,Oliver Moss,43,3
335,Charlotte Furnell,15,0
336,Grace Thornton,27,1
337,Andie Dowson,44,3
338,Caydence Cowan,86,3
339,Alexander Haines,26,2
340,Benny Khan,88,1
341,Nina Needham,65,0
342,Sebastian Davies,65,1
343,Percy Blythe,95,1
344,Joseph Steer,43,1
345,Wendy Woodley,51,0
346,Tania Chadwick,42,2
347,Erick Randall,83,2
348,Kenzie Donnelly,43,0
349,Carter Gates,40,3
350,Julian Salt,80,2
351,Allison Abbot,45,1
352,Chuck Edmonds,49,3
353,Vanessa Hammond,15,3
354,Madelyn Devonport,36,3
355,Alan Stewart,42,1
356,Louise Corbett,70,2
357,Rosie Stevenson,83,3
358,Ellen Furnell,46,3
359,Isla Harrington,43,2
360,Aiden Robe,42,1
361,Sylvia Simpson,81,2
362,Danny Mccormick,102,1
363,Maria Waterhouse,80,2
364,Nicole Edley,36,3
365,Lucas Mackenzie,57,2
366,Percy Shields,83,2
367,Carolyn Gonzales,27,2
368,Estrella Khan,33,1
369,Elise Pitt,16,3
370,Manuel Franks,70,2
371,Denis Collingwood,49,0
372,Lucas Hewitt,32,0
373,John Thorne,51,2
374,Barney Bristow,12,3
375,Christine Sanchez,12,2
376,Hadley Santos,70,3
377,Boris Rigg,19,2
378,Jocelyn Shepherd,15,0
379,Grace Jackson,13,3
380,Lauren Healy,41,3
381,Hank Gray,90,3
382,Tyson Reese,89,1
383,Ruby Murphy,37,3
384,Peter Funnell,83,0
385,Julian Lee,86,1
386,Henry York,26,1
387,Francesca Cadman,79,1
388,Chadwick Shea,33,0
389,Chris Butler,84,3
390,Meredith Brett,36,0
391,Aurelia Benson,40,0
392,Adeline Andrews,65,3
393,Gabriel Saunders,43,0
394,Liam Vernon,88,1
395,Caleb Overson,70,2
396,Camden Gibbons,98,0
397,Gabriel Tailor,102,3
398,Lorraine Mills,64,2
399,Kurt Ashley,34,2
400,Marina Patel,72,3
401,Rocco Plant,86,3
402,Phillip Knott,67,3
403,Julius Noon,44,2
404,Hannah Hancock,52,0
405,Carrie Rainford,23,2
406,Chester Butler,97,1
407,Kieth Eagle,103,0
408,Erick White,20,3
409,Agnes Vallory,74,0
410,Daphne Rodgers,65,1
411,Dani Bell,66,1
412,Ron Barrett,18,1
413,Audrey Edmonds,28,2
414,Audrey Turner,37,0
415,Adeline Rogers,67,2
416,Jane John,104,2
417,Carl Fisher,67,0
418,Vanessa Parker,63,1
419,Johnathan Wilson,78,3
420,Diane Leigh,23,2
421,Clint Yates,51,2
422,Kurt Varndell,96,3
423,Elijah Rogan,49,0
424,Michaela Addis,25,2
425,Manuel Kirby,87,1
426,Jayden Veale,74,3
427,Johnny Gilmore,52,0
428,Chadwick Poulton,93,0
429,Tyler Bailey,70,2
430,Logan Rowe,76,0
431,Julius Evans,68,0
432,Tyson Stubbs,20,3
433,Kieth Owen,25,3
434,Holly Button,41,0
435,Julius Parker,100,1
436,Charlize Zaoui,20,2
437,Tyson Barrett,62,2
438,Iris Davies,32,1
439,Tyson Kirby,18,2
440,George Speed,71,1
441,Irene Randall,57,2
442,Carina Carter,43,3
443,Maggie Tanner,48,1
444,Cedrick Downing,52,2
445,Penelope Dillon,101,3
446,Trisha Preston,43,0
447,Renee Tindall,83,3
448,Josh Gosling,89,1
449,Michelle Robinson,40,3
450,Madelyn Ramsey,65,1
451,Cameron Seymour,96,3
452,Isabel Bryant,76,2
453,Samara Campbell,42,0
454,Kenzie Allington,54,0
455,Monica Alldridge,19,0
456,Chanelle Murphy,30,1
457,Irene Vince,91,2
458,Havana Mann,98,1
459,Nicholas Brooks,22,2
460,Lucas Niles,23,2
461,Aiden Nayler,59,0
462,Claire Lindsay,79,3
463,Darlene Gavin,42,1
464,Isabel Nayler,73,0
465,Sebastian Rainford,30,0
466,Nate Dann,57,1
467,Rose Hastings,55,0
468,Carla Waterhouse,71,2
469,Chadwick Butler,18,1
470,Tom Varley,87,2
471,Javier Overson,18,0
472,Denny Farmer,51,1
473,Camellia Stark,40,1
474,Rosemary Grey,34,1
475,Teagan Rossi,18,1
476,Tyler Rivers,96,1
477,Matthew Hall,81,0
478,Maxwell Wilkinson,44,0
479,Chloe Drew,45,3
480,Drew Boyle,83,3
481,William Jarvis,51,2
482,Renee Janes,73,3
483,John Ross,13,1
484,Jayden Locke,32,3
485,Daron Pearson,30,3
486,Camden Nayler,32,0
487,Hank Richardson,102,3
488,Nathan Matthews,31,1
489,Alexander Nanton,55,0
490,Chris James,19,3
491,Chuck Atkinson,93,3
492,Camellia Saunders,67,3
493,Johnny Vass,52,1
494,Stella Hepburn,15,1
495,Caleb Cowan,90,0
496,Matt Dowson,25,2
497,Erick Truscott,44,1
498,Caleb Poole,31,3
499,Wade Eastwood,34,3
500,Danny Carson,14,1